{
    "rmse": 0.7461734682569483,
    "mae": 0.5746181994933909,
    "r2": 0.24655794210818638
}